,day_of_week,time_of_day,power_mean,power_std
0,0,09,109.35,15.061374439273465
1,1,09,119.41250000000001,35.43893656700212
